customerId,profile.displayName,address.street,address.city,address.region,address.postalCode,contact.email
c001,Alan Johnson,101 Atlas Ave,San Francisco,CA,90001,customer001@example.com
c002,Grace Liskov,102 Atlas Ave,Austin,TX,90002,customer002@example.com
c003,Katherine Thompson,103 Atlas Ave,New York,NY,90003,customer003@example.com
c004,Dorothy Lamport,104 Atlas Ave,Denver,CO,90004,customer004@example.com
c005,Edsger Torvalds,105 Atlas Ave,Seattle,WA,90005,customer005@example.com
c006,Barbara Borg,106 Atlas Ave,San Francisco,CA,90006,customer006@example.com
c007,Donald Turing,107 Atlas Ave,Austin,TX,90007,customer007@example.com
c008,Margaret Vaughan,108 Atlas Ave,New York,NY,90008,customer008@example.com
c009,Ken Knuth,109 Atlas Ave,Denver,CO,90009,customer009@example.com
c010,Dennis Ritchie,110 Atlas Ave,Seattle,WA,90010,customer010@example.com
c011,Radia Allen,111 Atlas Ave,San Francisco,CA,90011,customer011@example.com
c012,Leslie Rossum,112 Atlas Ave,Austin,TX,90012,customer012@example.com
c013,Frances Jackson,113 Atlas Ave,New York,NY,90013,customer013@example.com
c014,Tim Hopper,114 Atlas Ave,Denver,CO,90014,customer014@example.com
c015,Linus Dijkstra,115 Atlas Ave,Seattle,WA,90015,customer015@example.com
c016,Guido Hamilton,116 Atlas Ave,San Francisco,CA,90016,customer016@example.com
c017,Brendan Perlman,117 Atlas Ave,Austin,TX,90017,customer017@example.com
c018,Anita BernersLee,118 Atlas Ave,New York,NY,90018,customer018@example.com
c019,Mary Eich,119 Atlas Ave,Denver,CO,90019,customer019@example.com
c020,Ada Lovelace,120 Atlas Ave,Seattle,WA,90020,customer020@example.com
c021,Alan Johnson,121 Atlas Ave,San Francisco,CA,90021,customer021@example.com
c022,Grace Liskov,122 Atlas Ave,Austin,TX,90022,customer022@example.com
c023,Katherine Thompson,123 Atlas Ave,New York,NY,90023,customer023@example.com
c024,Dorothy Lamport,124 Atlas Ave,Denver,CO,90024,customer024@example.com
c025,Edsger Torvalds,125 Atlas Ave,Seattle,WA,90025,customer025@example.com
c026,Barbara Borg,126 Atlas Ave,San Francisco,CA,90026,customer026@example.com
c027,Donald Turing,127 Atlas Ave,Austin,TX,90027,customer027@example.com
c028,Margaret Vaughan,128 Atlas Ave,New York,NY,90028,customer028@example.com
c029,Ken Knuth,129 Atlas Ave,Denver,CO,90029,customer029@example.com
c030,Dennis Ritchie,130 Atlas Ave,Seattle,WA,90030,customer030@example.com
c031,Radia Allen,131 Atlas Ave,San Francisco,CA,90031,customer031@example.com
c032,Leslie Rossum,132 Atlas Ave,Austin,TX,90032,customer032@example.com
c033,Frances Jackson,133 Atlas Ave,New York,NY,90033,customer033@example.com
c034,Tim Hopper,134 Atlas Ave,Denver,CO,90034,customer034@example.com
c035,Linus Dijkstra,135 Atlas Ave,Seattle,WA,90035,customer035@example.com
c036,Guido Hamilton,136 Atlas Ave,San Francisco,CA,90036,customer036@example.com
c037,Brendan Perlman,137 Atlas Ave,Austin,TX,90037,customer037@example.com
c038,Anita BernersLee,138 Atlas Ave,New York,NY,90038,customer038@example.com
c039,Mary Eich,139 Atlas Ave,Denver,CO,90039,customer039@example.com
c040,Ada Lovelace,140 Atlas Ave,Seattle,WA,90040,customer040@example.com
c041,Alan Johnson,141 Atlas Ave,San Francisco,CA,90041,customer041@example.com
c042,Grace Liskov,142 Atlas Ave,Austin,TX,90042,customer042@example.com
c043,Katherine Thompson,143 Atlas Ave,New York,NY,90043,customer043@example.com
c044,Dorothy Lamport,144 Atlas Ave,Denver,CO,90044,customer044@example.com
c045,Edsger Torvalds,145 Atlas Ave,Seattle,WA,90045,customer045@example.com
c046,Barbara Borg,146 Atlas Ave,San Francisco,CA,90046,customer046@example.com
c047,Donald Turing,147 Atlas Ave,Austin,TX,90047,customer047@example.com
c048,Margaret Vaughan,148 Atlas Ave,New York,NY,90048,customer048@example.com
c049,Ken Knuth,149 Atlas Ave,Denver,CO,90049,customer049@example.com
c050,Dennis Ritchie,150 Atlas Ave,Seattle,WA,90050,customer050@example.com
c051,Radia Allen,151 Atlas Ave,San Francisco,CA,90051,customer051@example.com
c052,Leslie Rossum,152 Atlas Ave,Austin,TX,90052,customer052@example.com
c053,Frances Jackson,153 Atlas Ave,New York,NY,90053,customer053@example.com
c054,Tim Hopper,154 Atlas Ave,Denver,CO,90054,customer054@example.com
c055,Linus Dijkstra,155 Atlas Ave,Seattle,WA,90055,customer055@example.com
c056,Guido Hamilton,156 Atlas Ave,San Francisco,CA,90056,customer056@example.com
c057,Brendan Perlman,157 Atlas Ave,Austin,TX,90057,customer057@example.com
c058,Anita BernersLee,158 Atlas Ave,New York,NY,90058,customer058@example.com
c059,Mary Eich,159 Atlas Ave,Denver,CO,90059,customer059@example.com
c060,Ada Lovelace,160 Atlas Ave,Seattle,WA,90060,customer060@example.com
c061,Alan Johnson,161 Atlas Ave,San Francisco,CA,90061,customer061@example.com
c062,Grace Liskov,162 Atlas Ave,Austin,TX,90062,customer062@example.com
c063,Katherine Thompson,163 Atlas Ave,New York,NY,90063,customer063@example.com
c064,Dorothy Lamport,164 Atlas Ave,Denver,CO,90064,customer064@example.com
c065,Edsger Torvalds,165 Atlas Ave,Seattle,WA,90065,customer065@example.com
c066,Barbara Borg,166 Atlas Ave,San Francisco,CA,90066,customer066@example.com
c067,Donald Turing,167 Atlas Ave,Austin,TX,90067,customer067@example.com
c068,Margaret Vaughan,168 Atlas Ave,New York,NY,90068,customer068@example.com
c069,Ken Knuth,169 Atlas Ave,Denver,CO,90069,customer069@example.com
c070,Dennis Ritchie,170 Atlas Ave,Seattle,WA,90070,customer070@example.com
c071,Radia Allen,171 Atlas Ave,San Francisco,CA,90071,customer071@example.com
c072,Leslie Rossum,172 Atlas Ave,Austin,TX,90072,customer072@example.com
c073,Frances Jackson,173 Atlas Ave,New York,NY,90073,customer073@example.com
c074,Tim Hopper,174 Atlas Ave,Denver,CO,90074,customer074@example.com
c075,Linus Dijkstra,175 Atlas Ave,Seattle,WA,90075,customer075@example.com
c076,Guido Hamilton,176 Atlas Ave,San Francisco,CA,90076,customer076@example.com
c077,Brendan Perlman,177 Atlas Ave,Austin,TX,90077,customer077@example.com
c078,Anita BernersLee,178 Atlas Ave,New York,NY,90078,customer078@example.com
c079,Mary Eich,179 Atlas Ave,Denver,CO,90079,customer079@example.com
c080,Ada Lovelace,180 Atlas Ave,Seattle,WA,90080,customer080@example.com
c081,Alan Johnson,181 Atlas Ave,San Francisco,CA,90081,customer081@example.com
c082,Grace Liskov,182 Atlas Ave,Austin,TX,90082,customer082@example.com
c083,Katherine Thompson,183 Atlas Ave,New York,NY,90083,customer083@example.com
c084,Dorothy Lamport,184 Atlas Ave,Denver,CO,90084,customer084@example.com
c085,Edsger Torvalds,185 Atlas Ave,Seattle,WA,90085,customer085@example.com
c086,Barbara Borg,186 Atlas Ave,San Francisco,CA,90086,customer086@example.com
c087,Donald Turing,187 Atlas Ave,Austin,TX,90087,customer087@example.com
c088,Margaret Vaughan,188 Atlas Ave,New York,NY,90088,customer088@example.com
c089,Ken Knuth,189 Atlas Ave,Denver,CO,90089,customer089@example.com
c090,Dennis Ritchie,190 Atlas Ave,Seattle,WA,90090,customer090@example.com
c091,Radia Allen,191 Atlas Ave,San Francisco,CA,90091,customer091@example.com
c092,Leslie Rossum,192 Atlas Ave,Austin,TX,90092,customer092@example.com
c093,Frances Jackson,193 Atlas Ave,New York,NY,90093,customer093@example.com
c094,Tim Hopper,194 Atlas Ave,Denver,CO,90094,customer094@example.com
c095,Linus Dijkstra,195 Atlas Ave,Seattle,WA,90095,customer095@example.com
c096,Guido Hamilton,196 Atlas Ave,San Francisco,CA,90096,customer096@example.com
c097,Brendan Perlman,197 Atlas Ave,Austin,TX,90097,customer097@example.com
c098,Anita BernersLee,198 Atlas Ave,New York,NY,90098,customer098@example.com
c099,Mary Eich,199 Atlas Ave,Denver,CO,90099,customer099@example.com
c100,Ada Lovelace,200 Atlas Ave,Seattle,WA,90100,customer100@example.com
c101,Alan Johnson,201 Atlas Ave,San Francisco,CA,90101,customer101@example.com
c102,Grace Liskov,202 Atlas Ave,Austin,TX,90102,customer102@example.com
c103,Katherine Thompson,203 Atlas Ave,New York,NY,90103,customer103@example.com
c104,Dorothy Lamport,204 Atlas Ave,Denver,CO,90104,customer104@example.com
c105,Edsger Torvalds,205 Atlas Ave,Seattle,WA,90105,customer105@example.com
c106,Barbara Borg,206 Atlas Ave,San Francisco,CA,90106,customer106@example.com
c107,Donald Turing,207 Atlas Ave,Austin,TX,90107,customer107@example.com
c108,Margaret Vaughan,208 Atlas Ave,New York,NY,90108,customer108@example.com
c109,Ken Knuth,209 Atlas Ave,Denver,CO,90109,customer109@example.com
c110,Dennis Ritchie,210 Atlas Ave,Seattle,WA,90110,customer110@example.com
c111,Radia Allen,211 Atlas Ave,San Francisco,CA,90111,customer111@example.com
c112,Leslie Rossum,212 Atlas Ave,Austin,TX,90112,customer112@example.com
c113,Frances Jackson,213 Atlas Ave,New York,NY,90113,customer113@example.com
c114,Tim Hopper,214 Atlas Ave,Denver,CO,90114,customer114@example.com
c115,Linus Dijkstra,215 Atlas Ave,Seattle,WA,90115,customer115@example.com
c116,Guido Hamilton,216 Atlas Ave,San Francisco,CA,90116,customer116@example.com
c117,Brendan Perlman,217 Atlas Ave,Austin,TX,90117,customer117@example.com
c118,Anita BernersLee,218 Atlas Ave,New York,NY,90118,customer118@example.com
c119,Mary Eich,219 Atlas Ave,Denver,CO,90119,customer119@example.com
c120,Ada Lovelace,220 Atlas Ave,Seattle,WA,90120,customer120@example.com
c121,Alan Johnson,221 Atlas Ave,San Francisco,CA,90121,customer121@example.com
c122,Grace Liskov,222 Atlas Ave,Austin,TX,90122,customer122@example.com
c123,Katherine Thompson,223 Atlas Ave,New York,NY,90123,customer123@example.com
c124,Dorothy Lamport,224 Atlas Ave,Denver,CO,90124,customer124@example.com
c125,Edsger Torvalds,225 Atlas Ave,Seattle,WA,90125,customer125@example.com
c126,Barbara Borg,226 Atlas Ave,San Francisco,CA,90126,customer126@example.com
c127,Donald Turing,227 Atlas Ave,Austin,TX,90127,customer127@example.com
c128,Margaret Vaughan,228 Atlas Ave,New York,NY,90128,customer128@example.com
c129,Ken Knuth,229 Atlas Ave,Denver,CO,90129,customer129@example.com
c130,Dennis Ritchie,230 Atlas Ave,Seattle,WA,90130,customer130@example.com
c131,Radia Allen,231 Atlas Ave,San Francisco,CA,90131,customer131@example.com
c132,Leslie Rossum,232 Atlas Ave,Austin,TX,90132,customer132@example.com
c133,Frances Jackson,233 Atlas Ave,New York,NY,90133,customer133@example.com
c134,Tim Hopper,234 Atlas Ave,Denver,CO,90134,customer134@example.com
c135,Linus Dijkstra,235 Atlas Ave,Seattle,WA,90135,customer135@example.com
c136,Guido Hamilton,236 Atlas Ave,San Francisco,CA,90136,customer136@example.com
c137,Brendan Perlman,237 Atlas Ave,Austin,TX,90137,customer137@example.com
c138,Anita BernersLee,238 Atlas Ave,New York,NY,90138,customer138@example.com
c139,Mary Eich,239 Atlas Ave,Denver,CO,90139,customer139@example.com
c140,Ada Lovelace,240 Atlas Ave,Seattle,WA,90140,customer140@example.com
c141,Alan Johnson,241 Atlas Ave,San Francisco,CA,90141,customer141@example.com
c142,Grace Liskov,242 Atlas Ave,Austin,TX,90142,customer142@example.com
c143,Katherine Thompson,243 Atlas Ave,New York,NY,90143,customer143@example.com
c144,Dorothy Lamport,244 Atlas Ave,Denver,CO,90144,customer144@example.com
c145,Edsger Torvalds,245 Atlas Ave,Seattle,WA,90145,customer145@example.com
c146,Barbara Borg,246 Atlas Ave,San Francisco,CA,90146,customer146@example.com
c147,Donald Turing,247 Atlas Ave,Austin,TX,90147,customer147@example.com
c148,Margaret Vaughan,248 Atlas Ave,New York,NY,90148,customer148@example.com
c149,Ken Knuth,249 Atlas Ave,Denver,CO,90149,customer149@example.com
c150,Dennis Ritchie,250 Atlas Ave,Seattle,WA,90150,customer150@example.com
c151,Radia Allen,251 Atlas Ave,San Francisco,CA,90151,customer151@example.com
c152,Leslie Rossum,252 Atlas Ave,Austin,TX,90152,customer152@example.com
c153,Frances Jackson,253 Atlas Ave,New York,NY,90153,customer153@example.com
c154,Tim Hopper,254 Atlas Ave,Denver,CO,90154,customer154@example.com
c155,Linus Dijkstra,255 Atlas Ave,Seattle,WA,90155,customer155@example.com
c156,Guido Hamilton,256 Atlas Ave,San Francisco,CA,90156,customer156@example.com
c157,Brendan Perlman,257 Atlas Ave,Austin,TX,90157,customer157@example.com
c158,Anita BernersLee,258 Atlas Ave,New York,NY,90158,customer158@example.com
c159,Mary Eich,259 Atlas Ave,Denver,CO,90159,customer159@example.com
c160,Ada Lovelace,260 Atlas Ave,Seattle,WA,90160,customer160@example.com
c161,Alan Johnson,261 Atlas Ave,San Francisco,CA,90161,customer161@example.com
c162,Grace Liskov,262 Atlas Ave,Austin,TX,90162,customer162@example.com
c163,Katherine Thompson,263 Atlas Ave,New York,NY,90163,customer163@example.com
c164,Dorothy Lamport,264 Atlas Ave,Denver,CO,90164,customer164@example.com
c165,Edsger Torvalds,265 Atlas Ave,Seattle,WA,90165,customer165@example.com
c166,Barbara Borg,266 Atlas Ave,San Francisco,CA,90166,customer166@example.com
c167,Donald Turing,267 Atlas Ave,Austin,TX,90167,customer167@example.com
c168,Margaret Vaughan,268 Atlas Ave,New York,NY,90168,customer168@example.com
c169,Ken Knuth,269 Atlas Ave,Denver,CO,90169,customer169@example.com
c170,Dennis Ritchie,270 Atlas Ave,Seattle,WA,90170,customer170@example.com
c171,Radia Allen,271 Atlas Ave,San Francisco,CA,90171,customer171@example.com
c172,Leslie Rossum,272 Atlas Ave,Austin,TX,90172,customer172@example.com
c173,Frances Jackson,273 Atlas Ave,New York,NY,90173,customer173@example.com
c174,Tim Hopper,274 Atlas Ave,Denver,CO,90174,customer174@example.com
c175,Linus Dijkstra,275 Atlas Ave,Seattle,WA,90175,customer175@example.com
c176,Guido Hamilton,276 Atlas Ave,San Francisco,CA,90176,customer176@example.com
c177,Brendan Perlman,277 Atlas Ave,Austin,TX,90177,customer177@example.com
c178,Anita BernersLee,278 Atlas Ave,New York,NY,90178,customer178@example.com
c179,Mary Eich,279 Atlas Ave,Denver,CO,90179,customer179@example.com
c180,Ada Lovelace,280 Atlas Ave,Seattle,WA,90180,customer180@example.com
c181,Alan Johnson,281 Atlas Ave,San Francisco,CA,90181,customer181@example.com
c182,Grace Liskov,282 Atlas Ave,Austin,TX,90182,customer182@example.com
c183,Katherine Thompson,283 Atlas Ave,New York,NY,90183,customer183@example.com
c184,Dorothy Lamport,284 Atlas Ave,Denver,CO,90184,customer184@example.com
c185,Edsger Torvalds,285 Atlas Ave,Seattle,WA,90185,customer185@example.com
c186,Barbara Borg,286 Atlas Ave,San Francisco,CA,90186,customer186@example.com
c187,Donald Turing,287 Atlas Ave,Austin,TX,90187,customer187@example.com
c188,Margaret Vaughan,288 Atlas Ave,New York,NY,90188,customer188@example.com
c189,Ken Knuth,289 Atlas Ave,Denver,CO,90189,customer189@example.com
c190,Dennis Ritchie,290 Atlas Ave,Seattle,WA,90190,customer190@example.com
c191,Radia Allen,291 Atlas Ave,San Francisco,CA,90191,customer191@example.com
c192,Leslie Rossum,292 Atlas Ave,Austin,TX,90192,customer192@example.com
c193,Frances Jackson,293 Atlas Ave,New York,NY,90193,customer193@example.com
c194,Tim Hopper,294 Atlas Ave,Denver,CO,90194,customer194@example.com
c195,Linus Dijkstra,295 Atlas Ave,Seattle,WA,90195,customer195@example.com
c196,Guido Hamilton,296 Atlas Ave,San Francisco,CA,90196,customer196@example.com
c197,Brendan Perlman,297 Atlas Ave,Austin,TX,90197,customer197@example.com
c198,Anita BernersLee,298 Atlas Ave,New York,NY,90198,customer198@example.com
c199,Mary Eich,299 Atlas Ave,Denver,CO,90199,customer199@example.com
c200,Ada Lovelace,300 Atlas Ave,Seattle,WA,90200,customer200@example.com
c201,Alan Johnson,301 Atlas Ave,San Francisco,CA,90201,customer201@example.com
c202,Grace Liskov,302 Atlas Ave,Austin,TX,90202,customer202@example.com
c203,Katherine Thompson,303 Atlas Ave,New York,NY,90203,customer203@example.com
c204,Dorothy Lamport,304 Atlas Ave,Denver,CO,90204,customer204@example.com
c205,Edsger Torvalds,305 Atlas Ave,Seattle,WA,90205,customer205@example.com
c206,Barbara Borg,306 Atlas Ave,San Francisco,CA,90206,customer206@example.com
c207,Donald Turing,307 Atlas Ave,Austin,TX,90207,customer207@example.com
c208,Margaret Vaughan,308 Atlas Ave,New York,NY,90208,customer208@example.com
c209,Ken Knuth,309 Atlas Ave,Denver,CO,90209,customer209@example.com
c210,Dennis Ritchie,310 Atlas Ave,Seattle,WA,90210,customer210@example.com
c211,Radia Allen,311 Atlas Ave,San Francisco,CA,90211,customer211@example.com
c212,Leslie Rossum,312 Atlas Ave,Austin,TX,90212,customer212@example.com
c213,Frances Jackson,313 Atlas Ave,New York,NY,90213,customer213@example.com
c214,Tim Hopper,314 Atlas Ave,Denver,CO,90214,customer214@example.com
c215,Linus Dijkstra,315 Atlas Ave,Seattle,WA,90215,customer215@example.com
c216,Guido Hamilton,316 Atlas Ave,San Francisco,CA,90216,customer216@example.com
c217,Brendan Perlman,317 Atlas Ave,Austin,TX,90217,customer217@example.com
c218,Anita BernersLee,318 Atlas Ave,New York,NY,90218,customer218@example.com
c219,Mary Eich,319 Atlas Ave,Denver,CO,90219,customer219@example.com
c220,Ada Lovelace,320 Atlas Ave,Seattle,WA,90220,customer220@example.com
c221,Alan Johnson,321 Atlas Ave,San Francisco,CA,90221,customer221@example.com
c222,Grace Liskov,322 Atlas Ave,Austin,TX,90222,customer222@example.com
c223,Katherine Thompson,323 Atlas Ave,New York,NY,90223,customer223@example.com
c224,Dorothy Lamport,324 Atlas Ave,Denver,CO,90224,customer224@example.com
c225,Edsger Torvalds,325 Atlas Ave,Seattle,WA,90225,customer225@example.com
c226,Barbara Borg,326 Atlas Ave,San Francisco,CA,90226,customer226@example.com
c227,Donald Turing,327 Atlas Ave,Austin,TX,90227,customer227@example.com
c228,Margaret Vaughan,328 Atlas Ave,New York,NY,90228,customer228@example.com
c229,Ken Knuth,329 Atlas Ave,Denver,CO,90229,customer229@example.com
c230,Dennis Ritchie,330 Atlas Ave,Seattle,WA,90230,customer230@example.com
c231,Radia Allen,331 Atlas Ave,San Francisco,CA,90231,customer231@example.com
c232,Leslie Rossum,332 Atlas Ave,Austin,TX,90232,customer232@example.com
c233,Frances Jackson,333 Atlas Ave,New York,NY,90233,customer233@example.com
c234,Tim Hopper,334 Atlas Ave,Denver,CO,90234,customer234@example.com
c235,Linus Dijkstra,335 Atlas Ave,Seattle,WA,90235,customer235@example.com
c236,Guido Hamilton,336 Atlas Ave,San Francisco,CA,90236,customer236@example.com
c237,Brendan Perlman,337 Atlas Ave,Austin,TX,90237,customer237@example.com
c238,Anita BernersLee,338 Atlas Ave,New York,NY,90238,customer238@example.com
c239,Mary Eich,339 Atlas Ave,Denver,CO,90239,customer239@example.com
c240,Ada Lovelace,340 Atlas Ave,Seattle,WA,90240,customer240@example.com
c241,Alan Johnson,341 Atlas Ave,San Francisco,CA,90241,customer241@example.com
c242,Grace Liskov,342 Atlas Ave,Austin,TX,90242,customer242@example.com
c243,Katherine Thompson,343 Atlas Ave,New York,NY,90243,customer243@example.com
c244,Dorothy Lamport,344 Atlas Ave,Denver,CO,90244,customer244@example.com
c245,Edsger Torvalds,345 Atlas Ave,Seattle,WA,90245,customer245@example.com
c246,Barbara Borg,346 Atlas Ave,San Francisco,CA,90246,customer246@example.com
c247,Donald Turing,347 Atlas Ave,Austin,TX,90247,customer247@example.com
c248,Margaret Vaughan,348 Atlas Ave,New York,NY,90248,customer248@example.com
c249,Ken Knuth,349 Atlas Ave,Denver,CO,90249,customer249@example.com
c250,Dennis Ritchie,350 Atlas Ave,Seattle,WA,90250,customer250@example.com
