orderId,payment.method,payment.last4,payment.paidAt
ORD-1001,ach,,2026-01-02
ORD-1002,paypal,,2026-01-03
ORD-1003,wire,,2026-01-04
ORD-1004,card,1148,2026-01-05
ORD-1005,ach,,2026-01-06
ORD-1006,paypal,,2026-01-07
ORD-1007,wire,,2026-01-08
ORD-1008,card,1296,2026-01-09
ORD-1009,ach,,2026-01-10
ORD-1010,paypal,,2026-01-11
ORD-1011,wire,,2026-01-12
ORD-1012,card,1444,2026-01-13
ORD-1013,ach,,2026-01-14
ORD-1014,paypal,,2026-01-15
ORD-1015,wire,,2026-01-16
ORD-1016,card,1592,2026-01-17
ORD-1017,ach,,2026-01-18
ORD-1018,paypal,,2026-01-19
ORD-1019,wire,,2026-01-20
ORD-1020,card,1740,2026-01-21
ORD-1021,ach,,2026-01-22
ORD-1022,paypal,,2026-01-23
ORD-1023,wire,,2026-01-24
ORD-1024,card,1888,2026-01-25
ORD-1025,ach,,2026-01-26
ORD-1026,paypal,,2026-01-27
ORD-1027,wire,,2026-01-28
ORD-1028,card,2036,2026-01-01
ORD-1029,ach,,2026-01-02
ORD-1030,paypal,,2026-01-03
ORD-1031,wire,,2026-01-04
ORD-1032,card,2184,2026-01-05
ORD-1033,ach,,2026-01-06
ORD-1034,paypal,,2026-01-07
ORD-1035,wire,,2026-01-08
ORD-1036,card,2332,2026-01-09
ORD-1037,ach,,2026-01-10
ORD-1038,paypal,,2026-01-11
ORD-1039,wire,,2026-01-12
ORD-1040,card,2480,2026-01-13
ORD-1041,ach,,2026-01-14
ORD-1042,paypal,,2026-01-15
ORD-1043,wire,,2026-01-16
ORD-1044,card,2628,2026-01-17
ORD-1045,ach,,2026-01-18
ORD-1046,paypal,,2026-01-19
ORD-1047,wire,,2026-01-20
ORD-1048,card,2776,2026-01-21
ORD-1049,ach,,2026-01-22
ORD-1050,paypal,,2026-01-23
ORD-1051,wire,,2026-01-24
ORD-1052,card,2924,2026-01-25
ORD-1053,ach,,2026-01-26
ORD-1054,paypal,,2026-01-27
ORD-1055,wire,,2026-01-28
ORD-1056,card,3072,2026-01-01
ORD-1057,ach,,2026-01-02
ORD-1058,paypal,,2026-01-03
ORD-1059,wire,,2026-01-04
ORD-1060,card,3220,2026-01-05
ORD-1061,ach,,2026-01-06
ORD-1062,paypal,,2026-01-07
ORD-1063,wire,,2026-01-08
ORD-1064,card,3368,2026-01-09
ORD-1065,ach,,2026-01-10
ORD-1066,paypal,,2026-01-11
ORD-1067,wire,,2026-01-12
ORD-1068,card,3516,2026-01-13
ORD-1069,ach,,2026-01-14
ORD-1070,paypal,,2026-01-15
ORD-1071,wire,,2026-01-16
ORD-1072,card,3664,2026-01-17
ORD-1073,ach,,2026-01-18
ORD-1074,paypal,,2026-01-19
ORD-1075,wire,,2026-01-20
ORD-1076,card,3812,2026-01-21
ORD-1077,ach,,2026-01-22
ORD-1078,paypal,,2026-01-23
ORD-1079,wire,,2026-01-24
ORD-1080,card,3960,2026-01-25
ORD-1081,ach,,2026-01-26
ORD-1082,paypal,,2026-01-27
ORD-1083,wire,,2026-01-28
ORD-1084,card,4108,2026-01-01
ORD-1085,ach,,2026-01-02
ORD-1086,paypal,,2026-01-03
ORD-1087,wire,,2026-01-04
ORD-1088,card,4256,2026-01-05
ORD-1089,ach,,2026-01-06
ORD-1090,paypal,,2026-01-07
ORD-1091,wire,,2026-01-08
ORD-1092,card,4404,2026-01-09
ORD-1093,ach,,2026-01-10
ORD-1094,paypal,,2026-01-11
ORD-1095,wire,,2026-01-12
ORD-1096,card,4552,2026-01-13
ORD-1097,ach,,2026-01-14
ORD-1098,paypal,,2026-01-15
ORD-1099,wire,,2026-01-16
ORD-1100,card,4700,2026-01-17
ORD-1101,ach,,2026-01-18
ORD-1102,paypal,,2026-01-19
ORD-1103,wire,,2026-01-20
ORD-1104,card,4848,2026-01-21
ORD-1105,ach,,2026-01-22
ORD-1106,paypal,,2026-01-23
ORD-1107,wire,,2026-01-24
ORD-1108,card,4996,2026-01-25
ORD-1109,ach,,2026-01-26
ORD-1110,paypal,,2026-01-27
ORD-1111,wire,,2026-01-28
ORD-1112,card,5144,2026-01-01
ORD-1113,ach,,2026-01-02
ORD-1114,paypal,,2026-01-03
ORD-1115,wire,,2026-01-04
ORD-1116,card,5292,2026-01-05
ORD-1117,ach,,2026-01-06
ORD-1118,paypal,,2026-01-07
ORD-1119,wire,,2026-01-08
ORD-1120,card,5440,2026-01-09
ORD-1121,ach,,2026-01-10
ORD-1122,paypal,,2026-01-11
ORD-1123,wire,,2026-01-12
ORD-1124,card,5588,2026-01-13
ORD-1125,ach,,2026-01-14
ORD-1126,paypal,,2026-01-15
ORD-1127,wire,,2026-01-16
ORD-1128,card,5736,2026-01-17
ORD-1129,ach,,2026-01-18
ORD-1130,paypal,,2026-01-19
ORD-1131,wire,,2026-01-20
ORD-1132,card,5884,2026-01-21
ORD-1133,ach,,2026-01-22
ORD-1134,paypal,,2026-01-23
ORD-1135,wire,,2026-01-24
ORD-1136,card,6032,2026-01-25
ORD-1137,ach,,2026-01-26
ORD-1138,paypal,,2026-01-27
ORD-1139,wire,,2026-01-28
ORD-1140,card,6180,2026-01-01
ORD-1141,ach,,2026-01-02
ORD-1142,paypal,,2026-01-03
ORD-1143,wire,,2026-01-04
ORD-1144,card,6328,2026-01-05
ORD-1145,ach,,2026-01-06
ORD-1146,paypal,,2026-01-07
ORD-1147,wire,,2026-01-08
ORD-1148,card,6476,2026-01-09
ORD-1149,ach,,2026-01-10
ORD-1150,paypal,,2026-01-11
ORD-1151,wire,,2026-01-12
ORD-1152,card,6624,2026-01-13
ORD-1153,ach,,2026-01-14
ORD-1154,paypal,,2026-01-15
ORD-1155,wire,,2026-01-16
ORD-1156,card,6772,2026-01-17
ORD-1157,ach,,2026-01-18
ORD-1158,paypal,,2026-01-19
ORD-1159,wire,,2026-01-20
ORD-1160,card,6920,2026-01-21
ORD-1161,ach,,2026-01-22
ORD-1162,paypal,,2026-01-23
ORD-1163,wire,,2026-01-24
ORD-1164,card,7068,2026-01-25
ORD-1165,ach,,2026-01-26
ORD-1166,paypal,,2026-01-27
ORD-1167,wire,,2026-01-28
ORD-1168,card,7216,2026-01-01
ORD-1169,ach,,2026-01-02
ORD-1170,paypal,,2026-01-03
ORD-1171,wire,,2026-01-04
ORD-1172,card,7364,2026-01-05
ORD-1173,ach,,2026-01-06
ORD-1174,paypal,,2026-01-07
ORD-1175,wire,,2026-01-08
ORD-1176,card,7512,2026-01-09
ORD-1177,ach,,2026-01-10
ORD-1178,paypal,,2026-01-11
ORD-1179,wire,,2026-01-12
ORD-1180,card,7660,2026-01-13
ORD-1181,ach,,2026-01-14
ORD-1182,paypal,,2026-01-15
ORD-1183,wire,,2026-01-16
ORD-1184,card,7808,2026-01-17
ORD-1185,ach,,2026-01-18
ORD-1186,paypal,,2026-01-19
ORD-1187,wire,,2026-01-20
ORD-1188,card,7956,2026-01-21
ORD-1189,ach,,2026-01-22
ORD-1190,paypal,,2026-01-23
ORD-1191,wire,,2026-01-24
ORD-1192,card,8104,2026-01-25
ORD-1193,ach,,2026-01-26
ORD-1194,paypal,,2026-01-27
ORD-1195,wire,,2026-01-28
ORD-1196,card,8252,2026-01-01
ORD-1197,ach,,2026-01-02
ORD-1198,paypal,,2026-01-03
ORD-1199,wire,,2026-01-04
ORD-1200,card,8400,2026-01-05
ORD-1201,ach,,2026-01-06
ORD-1202,paypal,,2026-01-07
ORD-1203,wire,,2026-01-08
ORD-1204,card,8548,2026-01-09
ORD-1205,ach,,2026-01-10
ORD-1206,paypal,,2026-01-11
ORD-1207,wire,,2026-01-12
ORD-1208,card,8696,2026-01-13
ORD-1209,ach,,2026-01-14
ORD-1210,paypal,,2026-01-15
ORD-1211,wire,,2026-01-16
ORD-1212,card,8844,2026-01-17
ORD-1213,ach,,2026-01-18
ORD-1214,paypal,,2026-01-19
ORD-1215,wire,,2026-01-20
ORD-1216,card,8992,2026-01-21
ORD-1217,ach,,2026-01-22
ORD-1218,paypal,,2026-01-23
ORD-1219,wire,,2026-01-24
ORD-1220,card,9140,2026-01-25
ORD-1221,ach,,2026-01-26
ORD-1222,paypal,,2026-01-27
ORD-1223,wire,,2026-01-28
ORD-1224,card,9288,2026-01-01
ORD-1225,ach,,2026-01-02
ORD-1226,paypal,,2026-01-03
ORD-1227,wire,,2026-01-04
ORD-1228,card,9436,2026-01-05
ORD-1229,ach,,2026-01-06
ORD-1230,paypal,,2026-01-07
ORD-1231,wire,,2026-01-08
ORD-1232,card,9584,2026-01-09
ORD-1233,ach,,2026-01-10
ORD-1234,paypal,,2026-01-11
ORD-1235,wire,,2026-01-12
ORD-1236,card,9732,2026-01-13
ORD-1237,ach,,2026-01-14
ORD-1238,paypal,,2026-01-15
ORD-1239,wire,,2026-01-16
ORD-1240,card,9880,2026-01-17
ORD-1241,ach,,2026-01-18
ORD-1242,paypal,,2026-01-19
ORD-1243,wire,,2026-01-20
ORD-1244,card,1028,2026-01-21
ORD-1245,ach,,2026-01-22
ORD-1246,paypal,,2026-01-23
ORD-1247,wire,,2026-01-24
ORD-1248,card,1176,2026-01-25
ORD-1249,ach,,2026-01-26
ORD-1250,paypal,,2026-01-27
